,county,pop2010all,pop2014all,pop2017all,median_age_2010,median_age_2014,median_age_2017,fips,met_healthy_people_obj,age_adjust_death_rate,death_lower_95_CI,death_upper_95_CI,avg_ann_count,recent_trend,recent_5yr_trend,5yr_lower_95_CI,5yr_upper_95_CI,hospice_count,pop2010_50_and_over,pop2014_50_and_over,pop2017_50_and_over,percent_pop2010_50_and_over,percent_pop2014_50_and_over,percent_pop2017_50_and_over,normalized_hospice_rate,FIPS,State,2010_HealthOutcomes_Z-Score,2010_HealthOutcomes_Rank,2010_HealthFactors_Z-Score,2010_HealthFactors_Rank,2010_Mortality_Z-Score,2010_Mortality_Rank,2010_Morbidity_Z-Score,2010_Morbidity_Rank,2010_HealthBehaviors_Z-Score,2010_HealthBehaviors_Rank,2010_ClinicalCare_Z-Score,2010_ClinicalCare_Rank,2014_HealthOutcomes_Z-Score,2014_HealthOutcomes_Rank,2014_HealthFactors_Z-Score,2014_HealthFactors_Rank,2014_Length_of_Life_Z-Score,2014_Length_of_Life_Rank,2014_Quality_of_Life_Z-Score,2014_Quality_of_Life_Rank,2014_HealthBehaviors_Z-Score,2014_HealthBehaviors_Rank,2014_ClinicalCare_Z-Score,2014_ClinicalCare_Rank,2017_HealthOutcomes_Z-Score,2017_HealthOutcomes_Rank,2017_HealthFactors_Z-Score,2017_HealthFactors_Rank,2017_Length_of_Life_Z-Score,2017_Length_of_Life_Rank,2017_Quality_of_Life_Z-Score,2017_Quality_of_Life_Rank,2017_HealthBehaviors_Z-Score,2017_HealthBehaviors_Rank,2017_ClinicalCare_Z-Score,2017_ClinicalCare_Rank,2010_Percent_Fair_Poor_Health,2010_Percent_Smokers,2010_Percent_Obese,2010_Percent_Uninsured,2010_Air_Pollution_Part_Matter_Z-Score,2014_Percent_Fair_Poor_Health,2014_Percent_Smokers,2014_Percent_Obese,2014_Food_Environ_Index_Z-Score,2014_Percent_Physically_Inactive,2014_Percent_Uninsured,2014_Air_Pollution_Part_Matter_Z-Score,2017_Percent_Fair_Poor_Health,2017_Percent_Smokers,2017_Percent_Obese,2017_Food_Environ_Index_Z-Score,2017_Percent_Physically_Inactive,2017_Percent_Uninsured,2017_Air_Pollution_Part_Matter_Z-Score
0,Anderson,75112,75131,76257,42.6,43.3,43.2,47001,No,180.6,169.1,192.7,195,falling,-0.7,-1.2,-0.2,0,29570,30785,31476,39.367877299999996,40.97509683,41.27621071,0.0,47001,Tennessee,-0.21,36,-0.52,8,-0.25,24,0.04,56,-0.16,14,-0.18,7,-0.19,42,-0.53,12,-0.25,29,0.06,58,-0.17,11,-0.22,6,-0.17,37,-0.31,19,-0.05,46,-0.12,32,-0.09,22,-0.17,8,24.08,23.76,28.6,14.0,-0.80732791,19.4,20.6,30.9,-0.585173462,34.4,15.41486498,-0.681628589,20.02667118,21.51095788,31.7,-0.333233089,33.1,12.79332465,1.764501826
1,Bedford,45086,46259,48117,36.5,37.2,37.5,47003,No,182.7,166.1,200.6,92,falling,-0.7,-1.4,-0.1,0,14068,15373,16348,31.2025906,33.23245206,33.97551801,0.0,47003,Tennessee,-0.6,18,0.08,55,-0.25,25,-0.35,9,-0.06,33,0.19,92,-0.27,31,0.27,72,-0.27,26,0.0,50,0.1,77,0.1,81,-0.08,45,0.2,66,-0.22,31,0.14,64,0.15,85,0.09,78,15.33,,28.2,20.4,-0.385920484,22.3,25.2,36.0,0.214985638,33.3,20.58748404,0.391542126,22.39896701,24.26914838,32.1,-0.035982916000000004,36.5,18.59230419,0.462178059
2,Benton,16511,16176,15986,45.6,46.7,47.4,47005,No,233.9,207.1,263.6,59,stable,0.3,-0.4,1.1,0,7159,7327,7422,43.35897281,45.29549951,46.42812461,0.0,47005,Tennessee,1.35,92,0.17,66,0.84,92,0.51,90,0.04,61,0.0,50,0.84,86,0.31,76,0.93,92,-0.09,39,0.08,72,0.06,68,1.06,86,0.37,79,0.99,94,0.07,58,0.12,82,0.08,75,24.37,,29.7,14.1,-0.385920484,20.0,25.1,34.0,0.049885255999999996,35.2,18.59751419,2.092416466,23.71423512,24.09795309,32.4,0.261267258,37.8,15.83138927,-1.0261919609999999
3,Bledsoe,12882,14419,14717,42.5,43.3,43.9,47007,No,170.0,143.5,200.6,31,falling,-1.3,-2.3,-0.3,0,4865,5685,6042,37.76587486,39.42714474,41.05456275,0.0,47007,Tennessee,-0.64,15,0.22,71,-0.59,10,-0.05,45,0.07,71,0.14,87,-0.21,37,0.64,90,-0.38,20,0.17,70,0.24,88,0.13,84,-0.7,17,0.74,92,-0.42,18,-0.28,21,0.23,90,0.14,85,23.48,,32.3,17.1,-0.80732791,27.0,38.6,31.8,-0.35384415,37.2,21.20871255,-0.074173467,22.29102697,24.00490218,32.7,-0.333233089,36.2,17.20212766,-0.8401457090000001
4,Blount,123213,125827,129929,41.5,43.1,43.8,47009,No,168.2,159.4,177.4,283,falling,-0.9,-1.3,-0.4,1,46057,50439,53831,37.37998425,40.08599108,41.43108929,0.769651117,47009,Tennessee,-1.04,5,-0.38,16,-0.71,7,-0.33,10,-0.08,28,-0.13,10,-1.08,3,-0.78,6,-0.62,6,-0.46,7,-0.19,9,-0.14,10,-0.94,10,-0.63,9,-0.53,11,-0.41,12,-0.12,18,-0.17,7,19.93,26.28,29.9,13.1,0.456894367,15.0,20.9,31.9,-0.422861626,30.3,16.14803016,-0.7423741009999999,18.41014921,19.78077893,34.0,-0.035982916000000004,31.8,13.08752584,0.648224311
5,Bradley,99096,102816,105560,38.2,39.0,39.7,47011,No,183.0,172.2,194.3,220,falling,-1.0,-1.4,-0.5,2,33080,36213,38488,33.38177121,35.2211718,36.46078060000001,1.8946570669999998,47011,Tennessee,-0.72,13,-0.46,11,-0.52,11,-0.2,27,-0.28,3,-0.07,20,-0.6,20,-0.21,27,-0.54,9,-0.05,41,-0.09,20,-0.05,31,-0.55,23,-0.19,28,-0.44,16,-0.12,33,0.02,57,-0.04,35,18.87,21.56,27.6,14.7,-0.385920484,19.5,25.5,29.9,0.676585601,33.4,18.31153532,-0.560137565,19.36236294,21.03693402,34.9,0.7071425170000001,34.8,15.67260613,1.392409321
6,Campbell,40735,39895,39648,41.9,43.3,44.0,47013,No,219.2,201.8,237.7,124,stable,-0.4,-0.8,0.0,0,15628,16126,16471,38.36504235,40.4211054,41.5430791,0.0,47013,Tennessee,0.68,82,0.09,58,0.17,64,0.51,91,-0.03,39,-0.04,35,1.15,91,0.39,82,0.52,84,0.63,92,0.06,67,0.03,57,1.19,89,0.51,85,0.6,84,0.59,90,0.07,64,0.08,74,30.76,27.2,30.7,10.6,-0.80732791,35.4,28.6,33.4,0.666515569,37.7,16.5522433,-0.965107646,23.15362341,24.25280961,32.5,0.7071425170000001,31.1,15.45237946,0.462178059
7,Cannon,13801,13614,14216,41.5,42.6,42.5,47015,No,202.4,174.2,234.3,38,stable,-0.2,-1.1,0.7,0,5087,5353,5694,36.85964785,39.31981783,40.05346089,0.0,47015,Tennessee,-0.69,14,-0.08,37,-0.17,36,-0.52,2,-0.17,11,0.12,80,-0.27,32,-0.06,39,-0.32,24,0.05,56,-0.07,28,0.05,63,0.6,74,-0.1,36,0.63,86,-0.03,42,-0.14,14,0.09,79,13.22,,28.1,17.6,-0.80732791,20.0,27.6,32.3,-1.285963711,34.6,16.99639497,0.7762637029999999,19.35450249,21.52628115,33.3,-1.2249836090000001,31.0,15.31716919,-0.654099456
8,Carroll,28448,28358,27860,42.0,42.2,42.7,47017,No,221.8,201.2,244.1,89,stable,-0.2,-0.7,0.2,2,10994,11271,11409,38.64595051,39.74539812,40.95118449,7.1787508970000005,47017,Tennessee,0.92,89,-0.03,44,0.7,88,0.23,77,-0.05,34,0.0,53,0.38,72,0.07,52,0.28,76,0.09,63,0.06,70,-0.06,28,0.16,58,0.12,56,0.18,65,-0.02,44,0.02,55,-0.03,39,23.56,26.12,29.0,14.7,-0.385920484,20.3,24.6,35.3,-0.098261334,37.8,16.13089168,1.505209849,21.11682091,21.54821552,32.4,0.112642171,38.1,13.71287806,-0.282006951
9,Carter,57340,56270,56488,42.3,44.3,45.3,47019,No,176.2,163.4,189.9,145,falling,-1.0,-1.6,-0.4,1,22291,23586,24430,38.875130799999994,41.91576328,43.2481235,1.770287495,47019,Tennessee,0.05,49,-0.06,42,-0.24,28,0.29,82,0.05,65,-0.02,43,0.12,55,-0.11,35,-0.12,38,0.24,76,-0.01,47,0.09,77,0.2,60,0.14,59,-0.32,29,0.51,88,0.08,69,0.07,71,25.94,29.32,32.0,11.9,-0.385920484,22.5,31.4,30.0,1.342386446,32.7,18.04179466,-1.4510717430000002,23.94940023,24.34939235,31.8,1.747518124,34.0,15.71322853,-1.0261919609999999
10,Cheatham,39122,39604,40330,39.4,40.5,40.9,47021,No,239.6,217.8,263.0,97,stable,-0.6,-1.4,0.3,0,12647,14101,15044,32.32707939,35.604989399999994,37.30225638,0.0,47021,Tennessee,-0.52,20,-0.45,12,-0.19,34,-0.33,11,-0.05,35,-0.03,39,-0.49,21,-0.54,11,-0.24,31,-0.25,19,-0.1,18,-0.11,17,-0.67,18,-0.51,11,-0.16,33,-0.5,7,-0.15,12,-0.04,31,17.69,,29.8,13.6,0.035486941,17.5,30.5,29.7,-2.022059229,33.6,15.26194572,1.6671978809999999,17.45647689,19.99212754,33.8,-1.9681090419999998,32.6,13.55917367,0.648224311
11,Chester,17193,17101,17119,36.3,37.5,38.0,47023,No,178.4,153.5,206.5,38,stable,-0.4,-1.5,0.8,0,5626,5977,6129,32.72261967,34.95117245,35.8023249,0.0,47023,Tennessee,-0.88,8,-0.14,28,-0.71,6,-0.17,30,0.01,45,-0.05,29,-0.82,12,-0.23,25,-0.26,28,-0.56,2,-0.07,26,0.06,71,-0.92,11,-0.25,24,-0.54,10,-0.38,14,-0.08,26,-0.03,38,18.92,,30.9,14.0,0.456894367,17.1,20.7,35.9,-0.095700511,28.8,17.71776228,-0.21591299600000002,21.5265405,21.23798301,32.0,0.112642171,29.8,13.75987956,-1.0261919609999999
12,Claiborne,32216,31529,31609,41.1,42.7,43.2,47025,No,237.3,216.4,259.8,100,stable,-0.1,-0.7,0.4,1,12114,12567,12966,37.60243357,39.85854293,41.01996267,3.163655921,47025,Tennessee,0.39,72,-0.14,27,0.24,70,0.16,71,-0.17,12,-0.02,44,1.16,93,0.35,79,0.64,87,0.52,90,0.09,76,0.04,61,1.04,85,0.31,77,0.71,88,0.33,79,0.02,54,0.08,73,30.08,20.4,30.0,11.1,-0.80732791,31.2,33.3,31.7,0.7541607109999999,36.5,16.18176888,-1.18784119,20.47570155,23.59014228,30.8,0.8557676040000001,32.6,14.78659155,0.648224311
13,Clay,7851,7639,7703,45.1,46.5,47.3,47027,No,209.1,174.1,250.3,26,stable,-1.0,-2.0,0.0,0,3296,3413,3558,41.98191313,44.67862286,46.18979618,0.0,47027,Tennessee,0.27,66,0.51,88,0.63,84,-0.36,8,0.04,62,0.25,94,0.55,76,0.38,80,0.59,85,-0.04,44,0.04,64,0.25,90,0.58,72,0.43,81,0.61,85,-0.03,43,-0.04,38,0.18,90,,,31.6,16.6,-0.80732791,26.5,32.3,31.0,-0.830187059,31.4,19.86368062,0.067566061,22.28783039,22.97579874,31.3,-0.630483262,32.9,16.11092208,-0.468053204
14,Cocke,35641,35201,35556,43.0,44.4,45.3,47029,No,222.1,203.5,242.2,110,stable,-0.5,-1.0,0.0,1,14097,14866,15458,39.55276227,42.23175478,43.47508156,2.812464844,47029,Tennessee,0.79,88,0.22,73,0.66,86,0.13,66,0.1,80,-0.14,9,0.94,88,0.48,84,0.47,81,0.47,86,0.04,65,0.04,62,1.29,91,0.65,89,0.93,93,0.35,83,0.21,89,0.03,51,16.4,26.47,31.2,11.8,-0.80732791,26.7,21.2,33.4,1.602223367,37.8,18.62349562,-1.0663501659999999,22.10354628,24.17679998,34.4,1.4502679509999998,41.3,15.03205806,-0.282006951
15,Coffee,52770,53521,55034,39.8,40.0,39.8,47031,No,194.2,179.4,209.9,131,falling,-0.7,-1.2,-0.2,1,18825,19835,20631,35.67367823,37.06021935,37.48773485,1.817058546,47031,Tennessee,-0.06,45,-0.16,24,0.19,66,-0.24,20,0.03,52,0.04,67,-0.21,38,-0.07,38,-0.04,47,-0.17,30,0.04,61,-0.02,37,-0.14,41,0.04,53,0.06,53,-0.2,27,0.11,77,-0.01,42,16.8,25.68,31.0,14.5,-0.80732791,18.8,25.7,34.5,-0.131030168,33.3,17.29374433,0.14856007699999998,19.905879100000003,22.2953256,35.9,-0.035982916000000004,33.9,14.71739967,-0.09596069900000001
16,Crockett,14588,14645,14473,39.6,40.0,40.5,47033,No,164.1,139.1,192.7,31,stable,-0.5,-1.3,0.4,0,5196,5540,5623,35.61831642,37.82861045,38.85165481,0.0,47033,Tennessee,-0.43,22,0.23,76,-0.05,46,-0.38,6,0.03,56,0.17,89,0.04,50,0.21,67,0.24,75,-0.2,26,0.08,73,0.06,70,0.04,48,0.08,54,0.03,51,0.0,45,0.07,67,0.11,83,15.07,,29.9,20.7,0.878301792,22.9,27.1,34.6,-0.144561886,36.1,18.83818797,0.249802597,24.00943396,23.51401142,33.0,-0.630483262,32.1,17.97743488,-0.09596069900000001
17,Cumberland,56197,57836,59078,48.4,50.0,51.4,47035,No,174.4,162.5,187.0,182,falling,-0.8,-1.3,-0.3,1,26931,28920,30402,47.92248697,50.00345805,51.46078066,1.692677477,47035,Tennessee,-0.06,44,-0.29,19,-0.3,21,0.25,80,-0.27,4,0.0,51,-0.21,36,-0.43,15,0.02,54,-0.24,21,-0.27,3,-0.1,18,0.08,50,-0.34,18,0.22,67,-0.14,31,-0.22,6,-0.11,16,25.44,22.8,27.1,16.9,-0.80732791,21.4,17.4,28.6,-0.6036515170000001,28.0,19.71667553,0.006820549,19.36506962,19.51945982,29.2,-0.630483262,33.0,16.1682494,-0.282006951
18,Davidson,627973,670314,691243,34.0,34.4,34.4,47037,No,184.7,179.8,189.7,1137,falling,-1.5,-1.7,-1.2,8,176005,195492,202902,28.02747889,29.16424243,29.35320864,1.157335409,47037,Tennessee,-0.63,17,-0.09,35,-0.37,17,-0.25,17,-0.1,25,-0.15,8,-0.75,13,-0.23,24,-0.38,19,-0.38,11,-0.2,7,-0.11,16,-1.08,7,-0.28,21,-0.6,8,-0.48,9,-0.12,19,-0.11,17,15.94,20.74,30.1,16.6,3.406746345,14.4,17.2,30.3,1.1617505209999999,26.9,19.43648932,1.4444643369999999,17.67029966,20.22465432,30.9,1.0043926909999998,24.3,16.43515193,1.392409321
19,Decatur,11718,11680,11751,44.3,45.5,45.8,47039,No,208.7,179.4,242.1,39,stable,-0.2,-1.2,0.8,0,4954,5193,5272,42.27683905,44.46061644,44.86426687,0.0,47039,Tennessee,0.46,74,0.04,50,0.74,90,-0.29,15,-0.11,23,0.13,85,0.54,75,0.07,53,0.8,88,-0.26,18,-0.1,19,0.06,69,-0.2,35,0.33,78,0.04,52,-0.24,25,-0.02,43,0.09,76,,,27.9,16.8,-0.385920484,25.1,17.5,33.3,-0.41140639100000004,39.2,18.40844764,1.019245751,19.40242169,20.78193075,36.3,-0.184608002,35.3,16.16150319,-1.398284466
20,DeKalb,18695,19219,19852,41.0,41.7,42.5,47041,No,178.8,155.4,204.9,44,stable,-0.6,-1.4,0.3,0,6871,7420,7893,36.75314255,38.60762787,39.75921821,0.0,47041,Tennessee,0.64,80,-0.13,29,0.74,91,-0.1,37,-0.12,22,0.04,61,0.76,82,0.06,50,0.85,90,-0.09,40,0.0,50,0.1,78,0.57,71,0.03,51,0.42,78,0.15,65,-0.04,37,0.11,82,22.83,20.33,29.4,15.9,-0.80732791,22.6,24.4,31.9,-1.120977922,37.0,20.22314313,0.735766695,21.15024284,21.4521491,31.8,-0.927733435,32.9,17.96536797,-0.654099456
21,Dickson,49693,50473,52853,38.8,39.9,39.9,47043,No,201.1,184.9,218.4,117,falling,-0.6,-1.0,-0.2,0,16455,18072,19433,33.11331576,35.80528203,36.76801695,0.0,47043,Tennessee,-0.28,31,-0.08,39,-0.29,22,0.01,51,0.14,85,-0.09,14,-0.11,46,-0.17,31,-0.01,48,-0.09,37,-0.02,46,-0.05,32,-0.71,16,-0.04,40,-0.44,15,-0.27,22,0.11,78,-0.04,37,26.34,32.89,30.0,15.0,0.035486941,22.4,26.1,32.0,-0.49661981899999996,34.0,17.65350366,1.9506769380000002,19.22571301,22.78274484,35.9,-0.630483262,37.8,14.21726365,-0.468053204
22,Dyer,38318,37815,37463,39.3,39.8,39.7,47045,No,182.9,165.7,201.4,86,falling,-0.6,-1.1,-0.1,0,13281,13795,13932,34.65995094,36.48023271,37.18869284,0.0,47045,Tennessee,0.24,64,0.39,85,0.05,54,0.19,75,0.33,92,-0.1,13,-0.26,33,0.31,75,-0.35,23,0.09,61,0.26,90,-0.06,26,0.7,77,0.25,68,0.17,63,0.53,89,0.24,91,-0.05,29,25.36,32.85,33.2,11.2,2.563931494,19.3,33.3,33.6,2.4736039340000002,39.9,15.25223658,-0.053924963,22.51229216,23.47466999,37.2,1.89614321,34.2,12.54671479,-0.09596069900000001
23,Fayette,38429,39031,40036,42.0,44.5,46.0,47047,Yes,154.3,139.1,170.7,81,falling,-1.4,-2.2,-0.5,1,14891,16736,17872,38.74938198,42.87873741,44.63982416,2.4977520230000003,47047,Tennessee,-0.57,19,0.28,82,-0.33,19,-0.24,22,0.12,82,0.14,86,-0.65,17,-0.18,29,-0.4,15,-0.25,20,0.0,53,-0.13,12,-1.08,6,-0.23,25,-0.67,6,-0.42,11,-0.08,25,-0.12,14,14.21,23.58,33.8,19.7,0.456894367,16.3,21.3,36.9,-0.22090727,34.9,14.16648432,-1.471320247,19.59435766,20.19475339,31.1,-0.035982916000000004,31.4,12.37836976,-0.282006951
24,Fentress,17920,17838,18136,42.4,44.3,45.4,47049,No,211.1,185.3,239.8,52,stable,-0.5,-1.2,0.3,1,6992,7492,7913,39.01785714,42.00022424,43.63145126,5.513895015,47049,Tennessee,1.71,94,0.52,89,1.35,95,0.36,84,0.0,43,0.18,91,1.15,92,0.33,78,0.9,91,0.25,77,-0.04,39,0.1,80,0.7,78,0.46,84,0.34,72,0.36,84,0.07,65,0.16,89,,,30.0,15.8,-0.80732791,32.6,21.2,34.9,-0.6581928570000001,39.8,17.86004331,-0.29690701199999997,23.60433816,24.2918862,35.5,-0.630483262,29.2,16.42937694,-1.0261919609999999
25,Franklin,40961,41268,41652,41.4,41.9,42.2,47051,No,184.1,168.4,201.0,105,falling,-0.8,-1.3,-0.2,0,15741,16521,16908,38.42923757,40.03343995,40.59348891,0.0,47051,Tennessee,-0.88,7,-0.25,20,-0.4,14,-0.48,3,0.05,63,-0.03,37,-0.22,34,-0.35,18,-0.11,39,-0.11,35,-0.06,33,-0.04,35,-0.16,38,-0.42,15,-0.1,39,-0.06,37,-0.15,10,-0.04,34,16.56,30.66,30.1,14.7,-0.80732791,17.8,23.9,31.5,-0.36603913200000004,38.4,15.74287674,-0.49939205299999995,19.57164381,20.31794143,30.9,-0.333233089,29.0,13.42808521,0.090085554
26,Gibson,49734,49368,49111,40.0,39.9,39.7,47053,No,202.0,186.6,218.3,132,stable,-0.4,-1.0,0.2,0,17963,18348,18406,36.11814855,37.165775399999994,37.47836534,0.0,47053,Tennessee,0.25,65,0.34,84,0.17,65,0.08,59,0.25,89,-0.04,34,0.4,73,0.33,77,0.38,79,0.02,53,0.28,93,-0.06,27,0.31,64,-0.14,33,0.07,55,0.24,73,0.03,59,-0.11,15,23.68,36.26,30.2,14.7,0.456894367,22.6,30.1,37.1,1.0345752590000001,38.5,15.89238495,0.7155181909999999,22.14263626,21.95983694,32.3,0.8557676040000001,34.1,12.85420334,0.27613180600000004
27,Giles,29420,28824,29401,42.3,43.5,43.7,47055,No,193.7,174.5,214.7,78,stable,-0.7,-1.5,0.1,0,11399,11935,12375,38.74575119,41.40646683,42.09040509,0.0,47055,Tennessee,-0.4,24,0.08,54,-0.25,23,-0.15,32,0.14,86,-0.04,36,-0.38,26,-0.02,45,-0.07,43,-0.31,14,0.09,75,-0.09,20,-0.13,43,-0.26,23,-0.07,45,-0.06,38,-0.15,11,-0.07,21,25.09,25.9,32.7,13.5,0.456894367,18.6,26.3,36.1,0.188006582,31.5,17.09383783,-0.25641000399999997,20.24943755,20.223179100000003,32.1,-0.035982916000000004,30.3,14.30375338,1.020316816
28,Grainger,22721,22865,23144,42.2,43.8,45.1,47057,No,222.0,197.9,248.4,66,stable,0.1,-0.7,1.0,0,8656,9224,9870,38.09691475,40.34113274,42.64604217,0.0,47057,Tennessee,-0.29,30,-0.09,34,-0.06,45,-0.23,24,-0.13,19,0.1,77,0.01,47,0.13,58,0.06,58,-0.05,43,-0.01,49,0.14,86,0.71,79,0.18,62,0.63,87,0.08,61,0.12,83,0.04,59,20.91,,28.4,16.8,-0.80732791,19.9,26.3,30.0,-0.920728375,38.2,18.73124506,-1.106847174,20.55115212,23.561930399999998,35.0,-1.076358522,35.2,16.15720524,1.206363069
29,Greene,68838,68440,68808,42.7,44.1,44.9,47059,No,185.6,173.4,198.4,181,falling,-3.2,-4.9,-1.5,0,27133,28638,29642,39.41572968,41.84395091,43.07929311,0.0,47059,Tennessee,-0.09,41,0.13,63,-0.12,42,0.03,53,0.05,64,-0.04,33,0.19,60,0.09,55,0.11,64,0.08,60,0.04,63,-0.02,38,0.05,49,-0.14,32,0.0,50,0.05,55,-0.08,24,-0.04,33,21.91,28.88,31.2,14.6,-0.80732791,20.7,28.6,35.4,0.02868837,38.8,18.21276901,-1.228338199,20.1946225,22.18960854,29.8,-0.035982916000000004,36.0,15.06631498,0.648224311
30,Grundy,13725,13374,13361,41.4,42.8,43.1,47061,No,210.7,181.5,243.6,40,stable,0.5,-0.6,1.6,0,5298,5427,5499,38.6010929,40.57873486,41.15709902,0.0,47061,Tennessee,1.81,95,0.26,81,1.16,94,0.65,94,-0.13,20,0.12,84,2.33,95,0.51,87,1.5,95,0.83,95,-0.02,43,0.19,88,2.36,95,0.65,90,1.5,95,0.86,93,0.09,72,0.16,86,,,27.1,13.7,-0.80732791,35.9,27.0,30.6,0.525152215,33.8,18.40290381,-0.13491898,25.14105485,25.27158485,31.3,0.5585174310000001,37.2,16.84849635,-1.0261919609999999
31,Hamblen,62514,62952,64277,39.6,40.7,40.8,47063,No,189.8,176.4,203.9,155,falling,-0.8,-1.4,-0.1,1,22209,23413,24358,35.52644208,37.19182869,37.89535915,1.5557664480000002,47063,Tennessee,-0.29,29,0.09,56,-0.21,30,-0.08,41,-0.01,41,0.04,65,0.13,57,-0.04,42,-0.06,46,0.19,73,-0.01,48,-0.01,43,0.25,62,0.04,52,0.07,56,0.18,68,0.07,66,0.01,46,22.9,27.18,29.4,17.3,-0.385920484,26.0,22.7,31.2,0.7762741870000001,37.3,19.82756976,-1.147344182,22.60386585,23.77614194,30.8,0.7071425170000001,30.0,16.89609582,1.392409321
32,Hamilton,337262,350602,361613,39.3,39.7,39.6,47065,No,172.6,167.0,178.3,743,stable,0.1,-1.5,1.8,5,119569,128645,134468,35.45285268,36.69260301,37.18561003,1.382693653,47065,Tennessee,-0.35,26,-0.56,5,-0.5,12,0.15,70,-0.22,7,-0.26,2,-0.35,29,-0.62,9,-0.39,16,0.04,55,-0.15,15,-0.2,7,-0.52,25,-0.5,12,-0.59,9,0.06,57,-0.13,15,-0.21,6,16.84,20.27,28.5,14.9,1.299709218,18.0,19.2,30.6,1.198650644,29.2,16.24394465,-0.519640557,19.74799643,21.35072033,30.2,1.301642864,27.2,13.05063238,1.950548079
33,Hancock,6802,6624,6600,42.9,43.5,44.3,47067,No,236.2,193.1,287.1,22,stable,0.4,-0.8,1.6,1,2721,2770,2851,40.00294031,41.81763285,43.196969700000004,15.15151515,47067,Tennessee,0.95,90,0.12,62,1.11,93,-0.16,31,-0.03,37,0.0,48,1.65,94,1.2,95,1.19,94,0.45,85,0.28,92,0.26,92,0.81,81,0.99,94,0.3,71,0.51,87,0.14,84,0.26,94,,,29.5,11.6,-0.80732791,29.3,39.6,30.3,0.779243195,40.9,18.02677425,-1.268835207,24.47164853,25.74819565,30.6,0.112642171,35.8,14.59000943,-0.09596069900000001
34,Hardeman,27171,25931,25447,39.3,40.1,40.3,47069,No,196.5,175.1,220.1,63,stable,-0.4,-1.2,0.4,0,9292,9575,9621,34.19822605,36.92491612,37.80799308,0.0,47069,Tennessee,1.44,93,0.71,93,0.45,78,0.99,95,0.46,94,0.05,68,0.3,65,0.59,89,-0.01,50,0.3,81,0.23,87,-0.01,45,0.73,80,0.52,86,-0.08,43,0.81,92,0.26,92,-0.04,36,28.39,,37.5,13.1,0.456894367,27.6,27.3,36.9,2.408385619,35.6,16.26621196,-1.08659867,27.48791491,24.48065418,37.8,2.78789373,32.5,14.08233087,-0.8401457090000001
35,Hardin,26054,25794,25846,43.7,44.8,45.6,47071,No,190.8,171.2,212.2,74,stable,-0.1,-1.0,0.9,0,10678,11106,11423,40.98410993,43.05652477,44.19639403,0.0,47071,Tennessee,0.59,77,0.17,65,0.46,79,0.13,68,-0.07,30,0.01,56,0.59,77,0.19,64,0.48,82,0.11,65,0.0,51,0.02,54,0.98,84,0.27,74,0.71,89,0.27,76,0.09,73,0.03,52,23.97,25.85,29.3,13.1,0.456894367,27.1,23.6,32.8,0.152476936,36.8,18.29058193,-0.49939205299999995,22.5755151,24.79402075,31.9,0.261267258,33.0,15.33844943,-1.0261919609999999
36,Hawkins,56872,56368,56459,42.2,43.9,45.1,47073,No,196.7,182.6,211.7,152,stable,0.1,-0.3,0.5,0,21804,23164,24078,38.33872556,41.09423787,42.64687649,0.0,47073,Tennessee,-0.25,33,-0.08,36,-0.25,26,0.0,49,0.1,77,-0.13,11,0.13,58,-0.23,26,0.01,53,0.12,67,-0.02,45,-0.07,24,0.45,70,-0.01,45,0.43,79,0.02,48,-0.03,40,-0.04,32,23.15,27.78,32.2,12.8,-0.385920484,25.8,26.2,34.5,-0.28741027,32.8,15.91638495,-1.309332215,20.45323638,22.109058100000002,32.9,-0.035982916000000004,38.8,12.78651093,1.392409321
37,Haywood,18812,18164,17573,39.3,40.4,41.7,47075,No,187.8,162.8,215.7,43,falling,-1.0,-1.9,-0.1,0,6660,6947,7113,35.4029343,38.24598106,40.47686792,0.0,47075,Tennessee,0.28,67,0.82,94,0.25,71,0.04,55,0.25,90,0.03,59,0.59,78,0.47,83,0.12,66,0.47,87,0.12,79,0.0,46,1.38,94,0.65,91,0.38,75,1.0,95,0.29,93,-0.02,41,,18.89,35.4,12.3,0.878301792,25.1,17.3,38.7,3.0,32.9,16.61252309,-0.49939205299999995,28.21286404,23.94046394,38.4,3.0,35.8,14.309363000000001,-0.282006951
38,Henderson,27789,27987,27751,39.8,40.5,41.2,47077,No,207.0,185.7,230.2,72,stable,-0.4,-1.0,0.3,0,9751,10424,10831,35.08942387,37.24586415,39.02922417,0.0,47077,Tennessee,0.55,76,0.22,75,0.65,85,-0.09,38,0.11,81,0.05,69,-0.36,28,0.2,66,-0.15,36,-0.21,25,0.15,82,0.01,51,0.42,69,0.13,57,0.09,58,0.34,81,0.07,68,0.03,50,20.11,31.48,29.0,13.6,0.035486941,16.8,25.9,36.4,0.08014229,34.8,15.95843936,0.8167607109999999,21.92374707,22.01234233,34.8,0.261267258,36.5,13.78565255,-0.8401457090000001
39,Henry,32402,32246,32450,44.4,45.0,45.6,47079,No,200.0,182.3,219.2,99,stable,-0.4,-1.0,0.1,1,13596,14023,14465,41.96037282,43.48756435,44.57627119,3.0816640989999997,47079,Tennessee,0.47,75,0.25,79,0.37,76,0.1,61,0.09,73,0.04,62,0.72,81,0.23,69,0.62,86,0.1,64,0.12,78,-0.08,23,0.14,55,-0.08,38,0.11,60,0.03,49,0.03,58,-0.07,22,22.35,24.0,32.1,14.6,-0.385920484,26.7,28.1,35.2,0.507480288,34.2,17.764953600000002,1.525458353,21.22286247,21.70463731,33.7,0.7071425170000001,36.9,15.27154758,-0.282006951
40,Hickman,24647,24431,24864,40.1,41.0,41.3,47081,No,201.0,178.4,225.9,60,stable,-0.4,-1.3,0.4,0,8575,9074,9563,34.79125249,37.14133683,38.46122909,0.0,47081,Tennessee,0.3,68,0.1,59,0.13,62,0.17,73,0.04,59,0.07,73,0.33,69,0.28,74,0.13,67,0.2,74,0.19,85,0.05,66,-0.04,46,0.14,58,-0.08,41,0.04,53,0.08,70,0.07,72,21.17,,30.9,17.4,0.035486941,23.6,37.7,33.7,-0.8774247829999999,33.7,18.62001844,1.788688905,21.46294447,23.96812268,32.1,-0.630483262,32.7,15.65385217,-1.0261919609999999
41,Houston,8447,8216,8213,41.9,43.1,43.5,47083,No,227.4,188.9,272.1,26,stable,0.4,-0.6,1.3,0,3306,3345,3423,39.13815556,40.71324245,41.67782783,0.0,47083,Tennessee,0.32,70,0.19,70,0.57,82,-0.25,18,0.03,53,0.18,90,-0.7,14,0.11,56,-0.21,32,-0.49,4,0.02,58,0.14,87,-0.66,19,0.27,73,-0.45,14,-0.22,26,0.06,63,0.09,77,,,29.8,17.0,-0.385920484,,,32.4,-0.715320863,33.1,16.8492745,2.132913474,22.56554855,23.17454792,33.2,-0.184608002,30.9,14.37878788,-1.0261919609999999
42,Humphreys,18558,18148,18484,42.0,43.2,43.6,47085,No,212.3,187.3,240.1,54,stable,-0.2,-0.9,0.5,0,7222,7406,7714,38.91583145,40.80890456,41.73339104,0.0,47085,Tennessee,-0.06,42,-0.08,40,-0.19,33,0.13,67,-0.04,36,0.06,70,-0.2,40,-0.21,28,-0.1,40,-0.1,36,-0.17,13,0.06,72,-0.18,36,-0.16,31,0.16,62,-0.34,18,-0.07,27,0.06,68,,,30.0,14.4,-0.385920484,24.1,22.1,31.6,-0.6628123539999999,28.5,17.04909285,2.335398515,18.02746157,19.76985135,35.6,-0.481858176,32.2,14.04850489,-1.0261919609999999
43,Jackson,11623,11520,11677,44.8,46.4,47.6,47087,No,188.8,159.7,222.5,32,stable,-0.6,-1.8,0.6,0,4898,5176,5446,42.14058333,44.93055556,46.63869144,0.0,47087,Tennessee,0.45,73,0.24,77,0.57,80,-0.11,35,0.02,51,0.12,81,0.15,59,0.22,68,0.31,78,-0.16,32,-0.05,36,0.06,67,0.81,82,0.53,87,0.55,82,0.26,75,0.1,75,0.05,63,,,31.6,14.9,0.035486941,28.9,27.4,30.7,-0.770476257,36.7,19.02908423,0.351045118,23.54674782,24.77335522,34.7,-0.630483262,37.0,15.38631591,-0.468053204
44,Jefferson,51705,52384,53804,41.1,42.9,43.9,47089,No,169.1,155.6,183.6,121,falling,-4.0,-7.0,-1.0,0,19178,20989,22457,37.09119041,40.06757789,41.73853245,0.0,47089,Tennessee,-0.32,27,0.08,53,-0.11,43,-0.21,26,0.18,87,-0.04,31,0.07,53,-0.28,21,-0.07,44,0.14,68,-0.17,12,-0.01,42,-0.76,14,-0.28,22,-0.35,26,-0.41,13,-0.12,17,-0.05,30,18.15,40.23,28.8,15.3,-0.385920484,25.5,25.8,28.4,-0.470548409,33.2,17.54352263,-1.005604654,18.62055609,20.51934675,34.2,-0.779108349,32.1,14.0455163,1.392409321
45,Johnson,18288,17932,17691,43.3,44.7,46.3,47091,No,215.8,190.6,243.8,55,stable,0.1,-0.8,1.1,0,7202,7505,7787,39.38101487,41.85255409,44.01673167,0.0,47091,Tennessee,0.71,86,0.04,51,0.32,73,0.39,85,0.02,50,-0.06,25,0.13,56,0.06,49,-0.06,45,0.19,72,-0.07,23,0.01,49,0.1,51,-0.03,41,-0.08,42,0.18,69,-0.04,34,0.01,49,,,31.8,13.2,-0.80732791,25.6,28.0,31.2,0.30904548600000004,32.8,17.56027074,-1.511817255,22.94958364,24.35578402,29.2,-0.184608002,33.1,15.16025641,-2.514561981
46,Knox,432972,447939,461860,37.2,37.3,37.5,47093,No,177.4,172.1,182.8,890,falling,-1.0,-1.2,-0.8,5,140202,151718,159024,32.38130872,33.870236799999994,34.43121292,1.082579137,47093,Tennessee,-0.85,9,-0.69,2,-0.62,8,-0.23,23,-0.25,5,-0.23,6,-0.67,15,-0.96,2,-0.5,10,-0.18,28,-0.24,5,-0.3,2,-0.96,9,-0.87,5,-0.51,12,-0.45,10,-0.27,3,-0.3,3,15.89,22.22,27.5,13.8,2.563931494,16.7,18.5,29.5,0.22801288600000003,29.4,14.85894458,-0.823368117,17.66279601,18.67724532,29.7,0.5585174310000001,26.7,12.33558974,3.066825593
47,Lake,7828,7669,7468,38.2,39.1,39.7,47095,No,220.4,178.3,270.1,19,stable,-0.3,-1.4,0.8,0,2576,2586,2604,32.9075115,33.72017212,34.86877343,0.0,47095,Tennessee,0.66,81,0.61,92,0.06,55,0.6,93,0.28,91,-0.02,41,0.31,68,0.82,92,0.1,63,0.21,75,0.25,89,0.11,82,1.08,87,1.25,95,0.38,74,0.71,91,0.58,95,0.07,69,,,34.4,11.4,1.7211166430000002,20.7,24.9,32.9,1.3621453780000001,37.6,15.91117216,-0.580386069,26.3217335,27.11842574,37.5,1.301642864,31.7,13.80301941,0.462178059
48,Lauderdale,27719,27360,25274,36.5,37.3,38.6,47097,No,205.6,182.9,230.5,62,falling,-0.6,-1.2,-0.1,0,8499,9053,9089,30.66127927,33.08845029,35.96185804,0.0,47097,Tennessee,0.71,85,1.28,95,0.23,69,0.47,88,0.6,95,-0.07,21,0.83,85,1.14,94,0.17,70,0.66,93,0.42,95,0.1,79,1.35,93,0.97,93,0.44,80,0.91,94,0.47,94,0.01,48,24.1,38.12,34.9,9.9,1.299709218,25.2,32.1,37.0,2.3483860080000003,34.3,16.33677168,-0.580386069,26.89894022,27.4470217,38.3,2.193393384,35.8,13.90614547,0.27613180600000004
49,Lawrence,41967,42210,43396,39.7,40.0,39.7,47099,No,187.3,171.3,204.5,103,falling,-1.0,-1.6,-0.4,0,14868,15612,16276,35.42783616,36.98649609,37.5057609,0.0,47099,Tennessee,-0.21,35,0.1,60,0.1,59,-0.31,13,0.02,49,0.0,49,0.02,48,0.03,47,0.0,52,0.02,52,-0.02,44,-0.01,44,0.01,47,0.0,46,-0.04,48,0.04,52,-0.03,41,0.0,45,25.82,29.44,30.3,13.6,0.878301792,23.3,28.1,31.2,-0.376173472,33.6,17.54345902,-0.276658508,21.23354177,22.004186800000003,34.0,-0.481858176,35.4,15.39639874,-0.468053204
50,Lewis,12174,11896,12035,41.3,43.2,43.9,47101,No,203.5,172.9,238.4,33,stable,-0.6,-1.2,0.0,0,4690,4970,5081,38.52472482,41.77874916,42.21852929,0.0,47101,Tennessee,1.15,91,-0.1,32,0.67,87,0.48,89,-0.18,9,0.02,58,0.04,51,0.39,81,-0.14,37,0.18,71,0.06,68,0.13,85,-0.32,31,0.03,50,-0.14,35,-0.18,28,-0.06,29,0.12,84,,,27.7,13.5,0.035486941,27.6,29.8,32.4,-0.297403209,36.5,18.95405379,0.897754727,20.61134946,21.38150456,34.3,-0.630483262,34.0,16.94490818,-1.770376971
51,Lincoln,33379,33409,33751,41.8,43.0,43.3,47103,No,181.0,163.6,200.0,82,falling,-1.0,-1.6,-0.3,1,12700,13551,13987,38.04787441,40.5609267,41.44173506,2.9628751739999997,47103,Tennessee,-0.1,39,-0.23,21,-0.2,32,0.11,63,0.1,78,-0.05,30,0.2,62,-0.52,13,-0.08,41,0.28,80,-0.05,37,-0.11,14,-0.15,40,-0.34,17,-0.2,32,0.05,54,-0.05,33,-0.07,24,20.98,34.77,29.4,14.9,0.035486941,23.2,24.5,31.7,-0.896441982,33.2,16.509331200000002,-0.519640557,20.01692148,21.15092891,32.1,-0.481858176,34.8,14.42374812,1.206363069
52,Loudon,48702,50533,52152,46.1,47.1,48.0,47105,No,173.9,160.9,187.9,144,falling,-1.2,-1.7,-0.7,0,21759,23396,24824,44.67783664,46.29845843,47.59932505,0.0,47105,Tennessee,-0.39,25,-0.3,18,-0.15,39,-0.24,21,0.01,44,-0.05,27,-0.99,6,-0.65,7,-0.56,8,-0.43,9,-0.15,14,-0.17,9,-0.79,13,-0.66,6,-0.48,13,-0.31,20,-0.33,2,-0.14,12,14.93,24.72,31.1,15.7,0.035486941,12.7,23.6,29.5,-0.517539972,30.1,16.91178412,-0.519640557,18.44158804,18.68603759,27.5,-0.333233089,28.4,15.93083149,1.764501826
53,Macon,22240,22937,24079,38.8,39.0,38.4,47111,No,211.5,187.3,238.1,57,stable,-0.2,-0.7,0.4,0,7470,8019,8442,33.5881295,34.96098008,35.0595955,0.0,47111,Tennessee,0.06,51,0.15,64,0.13,61,-0.06,43,0.03,55,0.17,88,0.78,83,0.59,88,0.83,89,-0.05,42,0.13,81,0.27,93,0.29,63,0.45,83,0.26,69,0.04,51,0.11,80,0.25,93,20.74,,30.6,15.0,-0.80732791,25.7,35.1,33.6,-0.804053756,30.4,20.81242158,0.47253614200000005,21.88213306,23.77246731,34.2,-1.076358522,32.1,17.216993399999996,0.090085554
54,Madison,98250,98064,97643,36.9,38.0,38.7,47113,No,171.0,160.3,182.4,194,falling,-1.0,-1.4,-0.5,2,32228,34677,35891,32.80203562,35.36160059,36.75737124,2.04827791,47113,Tennessee,-0.09,40,-0.15,26,-0.14,40,0.05,57,-0.09,27,-0.25,4,-0.42,24,-0.26,22,-0.41,14,-0.01,49,0.07,71,-0.24,4,-0.32,30,-0.31,20,-0.33,28,0.01,46,-0.02,44,-0.27,4,20.73,19.54,30.5,13.2,0.456894367,19.0,19.6,36.1,1.610781222,31.1,16.62993832,0.209305589,21.90797017,21.18107927,34.3,1.747518124,28.3,12.72071982,-0.09596069900000001
55,Marion,28220,28350,28425,42.3,42.9,43.5,47115,No,216.7,195.8,239.4,83,stable,-0.4,-1.1,0.3,0,10948,11484,11781,38.79518072,40.50793651,41.44591029,0.0,47115,Tennessee,0.61,79,-0.05,43,0.07,56,0.54,92,0.03,57,-0.05,26,0.82,84,-0.02,44,0.22,74,0.6,91,-0.05,34,-0.01,40,0.37,67,0.15,61,0.21,66,0.16,66,-0.01,45,0.01,47,27.03,28.55,30.9,12.5,-0.80732791,27.3,24.7,29.9,-0.63079062,40.6,16.82817503,-0.560137565,19.64040982,21.99602102,32.9,-0.333233089,32.8,14.97296128,0.27613180600000004
56,Marshall,30681,31250,32931,39.0,40.1,39.9,47117,No,204.8,184.0,227.3,75,stable,-0.4,-1.0,0.3,0,10389,11345,12054,33.86134741,36.304,36.60380796,0.0,47117,Tennessee,0.04,48,0.25,78,0.03,53,0.01,50,0.22,88,0.04,66,-0.34,30,-0.05,41,-0.3,25,-0.03,46,-0.08,21,0.01,50,-0.39,27,-0.17,30,-0.41,21,0.01,47,-0.04,36,0.04,55,21.03,28.08,33.5,14.2,0.035486941,21.4,24.7,29.9,-0.01209515,34.7,18.94165127,0.41179063,20.96527316,21.91407726,31.3,-0.927733435,33.1,14.88269516,0.27613180600000004
57,Maury,81174,85345,92163,38.4,38.9,38.7,47119,No,181.1,169.1,193.7,178,falling,-1.0,-1.6,-0.5,0,27835,30727,33117,34.29053638,36.0032808,35.933075099999996,0.0,47119,Tennessee,-0.64,16,-0.03,45,-0.34,18,-0.3,14,0.07,72,-0.07,18,-0.37,27,-0.12,34,-0.24,30,-0.12,34,0.09,74,-0.18,8,-0.51,26,-0.5,13,-0.42,17,-0.09,35,-0.04,35,-0.16,9,18.14,27.33,31.4,13.6,1.7211166430000002,19.8,25.7,35.3,0.221243437,34.4,15.74742268,0.938251735,20.3232599,21.36841942,33.6,-0.333233089,28.5,13.42968902,-0.468053204
58,McMinn,52168,52538,52877,41.7,42.7,43.3,47107,No,187.4,173.3,202.5,135,stable,-0.4,-1.0,0.2,1,19941,20983,21661,38.22458212,39.93871103,40.96488076,1.891181421,47107,Tennessee,0.08,52,0.05,52,-0.11,44,0.19,74,0.09,74,-0.06,24,0.36,71,-0.14,32,0.09,60,0.27,79,-0.07,25,-0.05,30,-0.11,44,0.01,49,-0.01,49,-0.1,34,-0.02,42,0.05,64,23.1,26.06,32.7,13.8,-0.385920484,30.5,22.3,33.5,0.049518637000000004,35.6,17.13318548,-0.458895044,21.00632455,21.67062442,33.7,-0.184608002,35.1,13.64240296,0.648224311
59,McNairy,26061,26025,26004,41.7,42.6,43.1,47109,No,205.4,184.9,227.9,76,stable,-0.2,-0.8,0.5,0,10024,10454,10693,38.46360462,40.169068200000005,41.12059683,0.0,47109,Tennessee,0.1,54,0.12,61,0.07,57,0.03,52,0.06,68,0.0,52,0.3,66,0.05,48,0.47,80,-0.17,29,0.04,66,0.03,58,0.12,53,0.44,82,0.06,54,0.05,56,0.17,87,-0.01,44,26.87,,29.8,12.3,0.456894367,26.3,26.1,35.4,0.18184648,33.4,17.28111679,-0.863865126,24.04558384,23.86627902,38.6,0.7071425170000001,35.4,15.03049943,-0.8401457090000001
60,Meigs,11794,11699,12068,43.0,44.6,44.7,47121,No,214.3,181.7,251.5,34,stable,0.5,-0.8,1.9,0,4649,4933,5162,39.41834831,42.16599709,42.77427909,0.0,47121,Tennessee,0.21,62,0.22,74,0.16,63,0.05,58,-0.01,42,0.02,57,1.14,90,0.27,71,1.1,93,0.04,54,0.17,84,-0.04,34,1.2,90,0.25,69,0.86,91,0.34,82,-0.03,39,0.06,66,24.1,,30.0,14.8,-0.80732791,33.2,35.8,32.7,-0.552526352,34.2,17.12557363,-0.35765252399999997,21.6432532,23.79827923,27.9,-0.630483262,32.0,14.76365206,0.8342705640000001
61,Monroe,44617,45388,46240,41.7,43.3,43.7,47123,No,191.6,176.0,208.4,118,stable,-0.6,-1.2,0.1,0,17097,18495,19353,38.31947464,40.74865603,41.8533737,0.0,47123,Tennessee,-0.3,28,0.18,69,-0.24,29,-0.06,44,0.06,70,0.03,60,-0.38,25,0.23,70,-0.2,34,-0.18,27,0.22,86,0.02,53,0.11,52,0.26,70,-0.09,40,0.2,70,0.18,88,0.06,67,,,31.1,14.5,-0.80732791,21.4,36.4,35.4,-0.128104431,33.3,19.17486221,-0.580386069,23.135038899999998,24.33545934,35.5,-0.630483262,35.2,16.9044975,1.392409321
62,Montgomery,173168,188979,200182,30.0,30.3,30.8,47125,No,188.4,177.7,199.5,247,falling,-1.0,-1.5,-0.5,1,38782,43670,47852,22.39559272,23.108387699999998,23.90424714,0.49954541399999997,47125,Tennessee,-0.82,10,-0.06,41,-0.6,9,-0.21,25,0.1,79,-0.05,28,-0.85,10,-0.11,36,-0.57,7,-0.28,16,0.13,80,0.02,55,-1.07,8,-0.35,16,-0.73,5,-0.34,17,0.1,76,-0.07,26,15.89,28.79,29.6,13.8,2.98533892,17.8,27.5,32.1,1.327564912,33.0,15.99356335,1.687446385,21.82451907,24.17366546,29.0,1.301642864,25.8,11.91680323,-0.468053204
63,Moore,6333,6298,6384,43.4,44.8,45.4,47127,Yes,123.2,93.9,160.5,12,falling,-2.1,-3.8,-0.4,0,2557,2706,2790,40.37580925,42.96602096,43.70300752,0.0,47127,Tennessee,-1.16,4,-0.55,6,-1.3,2,0.14,69,-0.15,16,0.12,82,-0.83,11,-0.39,16,-0.81,3,-0.02,47,-0.06,29,0.0,47,-1.5,4,-0.65,7,-0.62,7,-0.88,2,-0.21,8,-0.01,43,,,29.7,20.3,-0.385920484,29.4,25.2,32.4,0.048558025,33.4,16.15039938,-0.074173467,16.48996235,18.53715629,32.0,-0.035982916000000004,31.1,13.49717969,0.090085554
64,Morgan,22018,21688,21636,39.9,41.3,42.2,47129,No,180.7,158.0,206.0,48,stable,-0.8,-1.7,0.0,0,7569,8006,8380,34.37641929,36.91442272,38.73174339,0.0,47129,Tennessee,0.06,50,-0.12,30,-0.05,47,0.1,62,-0.1,24,-0.03,38,0.23,63,0.07,51,0.08,59,0.15,69,0.04,62,-0.04,36,-0.2,34,0.14,60,-0.38,23,0.18,67,0.01,50,0.04,54,,,29.2,13.9,-0.80732791,26.4,31.4,31.5,0.43143707,32.2,16.89358325,-0.33740402,21.08681272,23.93884146,30.3,0.7071425170000001,32.4,13.96989356,0.27613180600000004
65,Obion,31821,30815,30385,41.4,42.5,42.8,47131,No,214.1,194.6,235.2,92,stable,0.0,-0.5,0.6,1,12159,12352,12351,38.21061563,40.08437449,40.64834622,3.2910975810000003,47131,Tennessee,0.13,56,0.04,49,-0.04,48,0.16,72,0.09,75,0.0,54,-0.17,43,0.19,65,0.05,57,-0.22,24,0.03,60,-0.07,25,-0.15,39,0.19,64,-0.12,37,-0.03,40,0.03,61,-0.07,23,23.36,29.84,30.9,13.2,1.7211166430000002,16.7,26.4,32.1,0.35230846299999996,36.2,15.92131551,0.006820549,20.7448689,22.35457133,33.6,0.40989234399999996,38.0,14.48487046,0.462178059
66,Overton,22094,21948,22012,41.6,42.7,43.4,47133,No,217.0,193.8,242.4,67,stable,-0.3,-1.1,0.5,0,8476,8809,9091,38.36335657,40.13577547,41.30019989,0.0,47133,Tennessee,0.16,59,-0.09,33,0.28,72,-0.12,34,-0.13,18,0.0,55,0.2,61,-0.13,33,0.19,73,0.01,51,-0.08,22,0.05,64,0.21,61,-0.05,39,0.17,64,0.04,50,-0.09,23,0.04,58,28.4,,28.9,12.9,0.035486941,27.4,28.1,31.4,-1.0789945779999999,32.2,17.44064342,0.027069053,20.68890176,21.97575013,33.0,-0.779108349,35.1,15.39689781,-0.8401457090000001
67,Perry,7938,7819,7975,43.0,43.4,43.4,47135,No,216.0,178.5,259.9,25,stable,0.0,-1.4,1.5,1,3267,3280,3355,41.15646259,41.94909835,42.06896552,12.53918495,47135,Tennessee,0.31,69,0.55,90,0.57,81,-0.25,18,0.06,66,0.29,95,-0.21,35,0.49,86,0.18,72,-0.39,10,-0.06,32,0.29,94,0.15,56,0.28,75,0.39,77,-0.24,24,0.0,49,0.31,95,,,31.5,17.5,-0.385920484,24.8,28.2,29.3,0.642727594,31.0,19.6555538,1.36347032,22.2624383,23.31639972,31.4,-0.035982916000000004,34.2,16.31785481,-1.956423223
68,Pickett,5073,5068,5073,47.4,48.8,50.4,47137,Yes,158.7,123.3,203.9,15,stable,-0.5,-1.8,0.9,0,2345,2451,2567,46.22511335,48.36227309,50.60122216,0.0,47137,Tennessee,0.14,58,0.45,86,0.02,52,0.12,64,0.03,58,0.12,83,-0.67,16,0.49,85,-0.38,21,-0.29,15,-0.06,30,0.34,95,-0.73,15,0.0,47,-0.16,34,-0.57,5,-0.05,32,0.18,91,,,30.6,16.7,-0.80732791,,,31.3,-0.360726661,36.6,22.28701826,-0.29690701199999997,19.47462463,20.43363712,33.1,-1.076358522,34.7,15.46932355,-1.398284466
69,Polk,16817,16685,16757,42.6,44.3,45.4,47139,No,209.5,183.6,238.4,50,stable,-0.8,-1.9,0.3,0,6547,6908,7254,38.93084379,41.402457299999995,43.28937161,0.0,47139,Tennessee,0.7,83,0.17,67,0.39,77,0.31,83,0.09,76,0.09,76,0.61,79,-0.05,40,0.09,61,0.52,89,0.02,57,-0.05,33,0.64,75,0.2,67,0.56,83,0.07,59,0.1,74,0.05,62,22.79,,31.3,17.2,-0.80732791,24.7,28.9,31.5,-1.085358997,35.4,18.500727800000003,-0.600634573,20.37492592,22.99936175,34.9,-1.2249836090000001,33.2,15.310717499999999,-0.654099456
70,Putnam,72569,74913,77674,36.0,36.0,36.1,47141,No,201.5,188.2,215.5,176,stable,-0.2,-0.7,0.3,1,23731,25379,26457,32.70129118,33.87796511,34.06159075,1.2874320879999999,47141,Tennessee,-0.78,12,-0.3,17,-0.45,13,-0.33,12,-0.24,6,0.0,47,-0.88,9,-0.35,17,-0.41,13,-0.47,6,-0.18,10,-0.06,29,-0.56,22,-0.18,29,-0.42,19,-0.14,30,0.01,52,-0.09,19,18.98,24.34,27.3,16.8,1.299709218,16.6,18.1,32.5,0.857235361,31.5,20.39239997,0.330796614,21.0216212,22.8790995,32.6,1.0043926909999998,27.3,15.36638291,-0.8401457090000001
71,Rhea,31857,32525,32691,39.9,40.8,41.0,47143,No,194.9,176.0,215.4,82,falling,-0.7,-1.3,-0.2,0,11586,12286,12676,36.36877295,37.77401998,38.77519807,0.0,47143,Tennessee,0.79,87,-0.12,31,0.32,74,0.47,87,0.04,60,-0.07,19,0.31,67,0.15,60,0.04,55,0.26,78,0.0,52,0.0,48,0.2,59,0.31,76,0.09,59,0.1,63,-0.01,47,0.03,53,24.08,24.55,31.3,12.6,-0.80732791,24.6,19.8,37.2,0.110403078,33.1,17.49206471,-0.21591299600000002,21.57522419,22.56601335,30.4,0.112642171,38.3,14.58461067,0.27613180600000004
72,Roane,54157,52827,53036,45.0,46.5,47.2,47145,No,185.2,172.0,199.3,152,falling,-0.7,-1.1,-0.3,0,22978,23857,24469,42.42849493,45.16061862,46.13658647,0.0,47145,Tennessee,-0.25,32,-0.53,7,-0.16,37,-0.08,39,-0.16,13,-0.06,22,0.24,64,-0.47,14,0.14,68,0.09,62,-0.2,8,-0.13,11,0.33,65,-0.2,27,0.25,68,0.07,60,-0.1,20,-0.07,27,23.9,20.4,31.1,13.2,-0.80732791,24.6,15.7,32.6,-0.334886793,37.4,14.865930599999999,-0.37790102799999997,19.43165794,20.57756987,34.1,0.261267258,35.1,13.167466899999999,1.020316816
73,Robertson,66355,67869,70177,37.7,38.4,38.9,47147,No,187.2,173.0,202.3,135,falling,-0.8,-1.3,-0.2,2,20917,23256,24950,31.52286941,34.26601247,35.55295895,2.849936589,47147,Tennessee,-0.78,11,-0.16,23,-0.39,16,-0.4,5,0.01,47,0.04,64,-0.92,8,-0.34,19,-0.38,17,-0.54,3,-0.07,24,0.02,52,-0.84,12,-0.45,14,-0.35,27,-0.49,8,-0.06,30,-0.06,28,17.94,25.82,31.3,17.0,0.456894367,15.4,23.9,32.9,-1.4046102130000002,32.2,17.6709164,1.221730792,18.07511426,19.80442566,35.6,-1.6708588690000001,33.0,13.88013159,1.392409321
74,Rutherford,263747,288608,317157,32.3,33.3,33.7,47149,No,170.3,162.5,178.4,380,falling,-1.4,-1.7,-1.1,1,63681,76046,85835,24.14472961,26.34923495,27.06388319,0.315301255,47149,Tennessee,-1.18,3,-0.52,9,-0.9,3,-0.27,16,-0.06,32,-0.08,16,-1.29,2,-0.87,4,-0.85,2,-0.44,8,-0.26,4,-0.09,21,-1.52,3,-0.87,3,-0.97,2,-0.55,6,-0.21,7,-0.15,10,17.52,23.59,30.9,14.2,-0.385920484,14.5,17.1,31.3,-0.399467874,27.2,16.52548528,1.079991264,17.10114446,18.21121858,33.0,-0.481858176,26.1,12.07443508,1.206363069
75,Scott,22227,21986,21989,38.2,38.9,39.6,47151,No,241.0,214.5,270.0,63,stable,-0.5,-1.1,0.1,0,7330,7728,7993,32.97790975,35.14964068,36.34999318,0.0,47151,Tennessee,0.6,78,0.31,83,0.61,83,-0.01,47,-0.03,38,0.04,63,0.98,89,0.99,93,0.29,77,0.69,94,0.38,94,0.13,83,1.33,92,0.64,88,0.85,90,0.48,86,0.15,86,0.16,88,26.22,,29.6,11.0,-0.80732791,45.5,51.1,29.9,1.582171426,38.1,18.34755419,-0.681628589,24.34946839,25.20508227,28.9,0.7071425170000001,38.8,14.67784979,-0.654099456
76,Sequatchie,14127,14634,14736,40.8,42.8,44.0,47153,No,224.3,194.3,257.9,43,rising,1.3,0.3,2.3,0,5214,5855,6158,36.90804842,40.00956676,41.788816499999996,0.0,47153,Tennessee,0.22,63,0.02,47,-0.21,31,0.43,86,0.06,69,-0.02,42,0.68,80,0.13,59,0.17,71,0.51,88,0.16,83,0.05,65,0.38,68,0.09,55,0.15,61,0.23,72,-0.13,16,0.05,61,,,30.9,16.3,-0.80732791,26.5,29.9,34.8,-1.413423986,34.4,17.54015216,-0.23616149999999997,20.13109341,21.43653591,28.3,-1.2249836090000001,32.1,14.63808795,-0.654099456
77,Sevier,89948,94570,97638,41.0,42.4,43.3,47155,No,186.7,175.6,198.3,224,falling,-0.5,-0.9,-0.1,0,33223,37203,39998,36.93578512,39.33911388,40.96560765,0.0,47155,Tennessee,-0.42,23,-0.39,15,-0.31,20,-0.11,36,-0.17,10,-0.06,23,-0.43,23,-0.08,37,-0.27,27,-0.16,31,-0.02,42,0.03,59,-0.39,28,-0.12,35,-0.36,24,-0.03,41,-0.14,13,0.06,65,22.3,26.54,27.3,17.0,-0.80732791,20.7,28.4,30.9,-0.526886405,32.5,22.17764141,-0.9043621340000001,20.67852985,19.87240884,30.6,-0.481858176,37.3,19.50221924,0.8342705640000001
78,Shelby,928552,938434,936961,34.6,35.1,35.6,47157,No,195.0,190.8,199.2,1767,falling,-1.1,-1.2,-1.0,5,268799,290161,299623,28.9481903,30.9197024,31.97817198,0.533640141,47157,Tennessee,0.13,57,0.56,91,0.1,60,0.03,54,0.13,83,-0.08,15,0.03,49,0.12,57,0.04,56,-0.01,48,0.01,54,-0.08,22,0.16,57,0.26,71,-0.12,38,0.28,77,0.01,53,-0.09,18,15.61,21.55,32.8,16.4,3.828153771,15.8,17.3,34.6,2.446328667,29.2,18.16834911,-1.856041824,21.9042298,20.37294876,32.6,2.639268644,28.3,15.03768377,0.090085554
79,Smith,19125,19026,19636,39.9,41.0,41.0,47159,No,192.2,166.8,220.6,43,stable,-6.7,-13.8,1.0,0,6626,7137,7601,34.64575163,37.51182592,38.70951314,0.0,47159,Tennessee,-0.11,38,-0.16,25,0.37,75,-0.48,4,-0.13,21,0.06,72,-0.93,7,-0.17,30,-0.45,11,-0.48,5,-0.07,27,0.08,75,-0.39,29,0.01,48,-0.08,44,-0.32,19,0.0,48,0.04,60,21.07,,28.1,13.6,-0.80732791,12.9,23.5,33.0,-1.2155148,35.3,16.68902439,0.675021183,17.75278143,20.41207484,36.8,-1.373608695,32.0,14.23743664,-0.282006951
80,Stewart,13349,13218,13355,42.9,43.9,44.7,47161,No,218.2,188.3,252.0,40,stable,0.1,-1.2,1.4,0,5169,5440,5754,38.72200165,41.15599939,43.084986900000004,0.0,47161,Tennessee,0.2,61,0.0,46,-0.02,51,0.23,76,0.06,67,0.1,78,0.89,87,-0.01,46,0.48,83,0.41,83,-0.05,35,0.08,74,-0.26,33,-0.02,43,0.09,57,-0.35,15,-0.06,31,0.04,56,,,31.3,17.9,-0.80732791,29.6,,31.3,-0.32109039100000003,37.0,17.33737597,1.970925442,18.76812769,20.42608864,31.4,-0.184608002,34.0,14.8743343,-0.468053204
81,Sullivan,156755,156513,157158,43.7,44.5,45.2,47163,No,181.4,173.6,189.5,425,falling,-0.7,-1.1,-0.4,1,63618,66238,67943,40.58435138,42.32108515,43.23228852,0.63630232,47163,Tennessee,-0.21,37,-0.44,14,-0.12,41,-0.08,40,-0.07,31,-0.25,3,-0.14,44,-0.55,10,-0.2,33,0.06,59,-0.03,40,-0.22,5,-0.57,21,-0.53,10,-0.23,30,-0.34,16,-0.18,9,-0.23,5,19.32,24.4,30.2,15.1,0.035486941,22.1,25.6,33.0,0.501739875,34.4,15.65359815,-1.430823239,18.62514992,20.33639939,30.1,1.0043926909999998,33.3,14.16024479,0.648224311
82,Sumner,161199,172183,183545,38.7,39.3,39.5,47165,Yes,161.2,153.0,169.6,305,falling,-2.2,-3.6,-0.8,1,52391,59773,65448,32.50082197,34.71480924,35.65774061,0.54482552,47165,Tennessee,-1.24,2,-0.52,10,-0.87,4,-0.36,7,-0.15,17,-0.11,12,-1.07,4,-0.91,3,-0.71,5,-0.37,12,-0.27,2,-0.12,13,-1.43,5,-0.87,4,-0.84,4,-0.6,4,-0.25,5,-0.14,11,18.54,25.74,28.2,13.0,0.878301792,20.5,20.0,29.4,-0.8613476390000001,28.3,15.08653123,0.938251735,16.71613963,19.35680315,29.7,-0.927733435,29.3,11.7001004,1.206363069
83,Tipton,61066,61566,61366,36.6,37.5,38.1,47167,No,210.6,194.5,227.6,134,stable,-0.2,-0.8,0.3,0,18292,20394,21200,29.95447549,33.12542637,34.54681746,0.0,47167,Tennessee,-0.06,43,0.46,87,-0.15,38,0.09,60,0.39,93,-0.01,46,-0.19,41,-0.25,23,-0.15,35,-0.04,45,0.06,69,-0.1,19,-0.55,24,-0.02,44,-0.39,22,-0.16,29,0.11,79,-0.08,20,21.39,35.69,33.2,13.2,0.456894367,24.1,25.3,34.6,0.46619549200000004,34.9,14.16547682,-1.18784119,20.02692393,22.3771366,35.4,0.5585174310000001,34.2,11.72830131,0.462178059
84,Trousdale,7874,7993,10083,39.7,40.7,35.6,47169,No,265.5,219.0,319.1,24,stable,0.0,-1.3,1.3,0,2752,2978,3194,34.950469899999995,37.257600399999994,31.67708023,0.0,47169,Tennessee,0.7,84,0.09,57,0.72,89,-0.01,48,0.03,54,0.1,79,0.34,70,0.08,54,-0.07,42,0.41,84,-0.04,38,0.25,91,0.67,76,0.19,65,0.35,73,0.33,80,0.03,60,0.2,92,,,30.9,16.3,-0.385920484,,,32.5,-1.219343874,36.9,18.07030666,0.7155181909999999,20.12650658,22.2856211,32.9,-0.927733435,32.3,15.23326874,-0.09596069900000001
85,Unicoi,18284,17905,17759,45.1,46.2,46.7,47171,No,199.8,176.9,225.3,58,stable,0.1,-0.6,0.7,0,7836,8024,8079,42.85714286,44.81429768,45.49242638,0.0,47171,Tennessee,0.01,47,-0.57,4,0.19,67,-0.18,28,-0.29,2,-0.07,17,0.05,52,-0.29,20,-0.01,49,0.06,57,-0.14,16,0.03,56,0.13,54,-0.09,37,-0.13,36,0.26,74,-0.09,21,0.04,57,22.35,15.96,30.2,14.1,-0.385920484,25.7,23.4,31.4,-0.550858695,39.0,17.47112211,-1.329580719,21.60183169,21.77454239,33.4,-0.333233089,32.0,15.51328069,-1.956423223
86,Union,19118,18990,19442,40.3,41.7,42.7,47173,No,234.2,206.1,265.3,53,stable,-0.5,-1.2,0.2,0,6769,7373,7883,35.40642327,38.82569774,40.5462401,0.0,47173,Tennessee,0.35,71,-0.2,22,0.08,58,0.28,81,-0.19,8,-0.04,32,0.47,74,0.28,73,0.15,69,0.32,82,0.01,55,0.03,60,0.87,83,0.38,80,0.47,81,0.4,85,0.08,71,0.1,80,,,27.5,14.9,0.456894367,,23.8,34.0,-1.241659715,35.6,18.66072519,-1.0258531579999999,21.290290600000002,23.95525485,31.0,-0.927733435,37.6,16.32408575,1.020316816
87,Van Buren,5569,5653,5742,44.6,46.3,47.2,47175,Yes,160.3,122.7,207.4,14,stable,-0.9,-2.4,0.6,0,2358,2562,2653,42.34153349,45.32106846,46.20341344,0.0,47175,Tennessee,0.09,53,0.22,72,-0.04,49,0.13,65,0.01,48,0.06,71,-0.46,22,0.67,91,-0.37,22,-0.09,38,0.27,91,0.08,76,1.11,88,0.19,63,0.89,92,0.22,71,0.06,62,0.11,81,,,30.5,14.8,-0.80732791,19.4,39.4,33.5,-0.7390523259999999,34.0,18.81321645,0.14856007699999998,20.69750185,22.41530448,32.1,-0.779108349,33.5,15.67912489,-1.398284466
88,Warren,39860,39934,40651,39.4,40.3,40.3,47177,No,200.3,183.0,219.0,100,stable,-0.1,-0.8,0.5,0,13998,14758,15214,35.11791269,36.95597736,37.42589358,0.0,47177,Tennessee,0.2,60,0.26,80,-0.03,50,0.23,78,0.14,84,0.08,75,0.11,54,0.19,63,0.0,51,0.12,66,-0.03,41,0.07,73,0.59,73,-0.03,42,0.27,70,0.32,78,-0.01,46,0.07,70,27.53,28.88,31.7,16.9,-0.80732791,26.5,20.9,34.1,-0.369954829,32.7,21.12331384,0.351045118,23.65821237,23.04658601,31.4,-0.779108349,26.2,18.11294347,-0.8401457090000001
89,Washington,123386,125736,127806,39.3,39.9,40.4,47179,No,180.5,171.1,190.3,284,falling,-1.2,-1.6,-0.8,2,43569,46200,48327,35.31113741,36.74365337,37.81277874,1.564871759,47179,Tennessee,-0.22,34,-0.68,3,-0.18,35,-0.04,46,-0.1,26,-0.34,1,-0.6,19,-0.82,5,-0.45,12,-0.16,33,-0.21,6,-0.24,3,-0.61,20,-0.64,8,-0.36,25,-0.26,23,-0.07,28,-0.3,2,20.64,28.6,29.0,13.3,-0.385920484,18.5,24.1,29.3,-0.261711433,30.9,17.10314123,-1.370077727,19.417186800000003,21.90262525,32.2,-0.035982916000000004,30.9,13.254343300000002,0.27613180600000004
90,Wayne,16987,16788,16583,41.0,42.3,43.1,47181,No,207.4,181.4,236.4,47,stable,0.1,-0.6,0.9,1,6151,6501,6654,36.21004297,38.72408863,40.12542966,6.030271965,47181,Tennessee,0.1,55,0.17,68,0.22,68,-0.12,33,-0.15,15,0.21,93,-0.13,45,0.18,61,0.1,62,-0.23,22,-0.12,17,0.2,89,-0.13,42,0.26,72,-0.04,47,-0.09,36,0.12,81,0.16,87,23.57,21.75,30.3,16.9,0.878301792,22.2,22.8,31.5,0.5845260520000001,30.6,19.59807205,-0.114670476,22.82861926,24.2316826,32.7,0.7071425170000001,37.5,15.11864407,-1.212238213
91,Weakley,35042,33987,33337,36.9,37.5,38.3,47183,No,187.0,168.9,206.6,81,stable,-0.3,-0.8,0.3,0,11924,12243,12410,34.02773814,36.02259688,37.22590515,0.0,47183,Tennessee,-0.45,21,-0.08,38,-0.39,15,-0.06,42,-0.08,29,0.07,74,-0.61,18,-0.02,43,-0.38,18,-0.22,23,-0.06,31,-0.01,39,-0.31,32,-0.21,26,-0.41,20,0.1,62,0.01,51,-0.07,25,24.5,22.81,30.9,16.6,0.456894367,23.0,25.4,29.5,0.639918936,36.4,17.81833985,0.837009215,21.69262437,22.12089902,30.9,0.5585174310000001,34.4,12.92107343,0.090085554
92,White,25821,26229,26753,42.1,42.6,42.8,47185,No,216.3,195.1,239.4,79,stable,-0.6,-1.3,0.0,0,10009,10514,10962,38.76302235,40.08540165,40.97484394,0.0,47185,Tennessee,0.0,46,0.03,48,-0.24,27,0.24,79,0.01,46,-0.02,40,-0.2,39,0.18,62,0.12,65,-0.32,13,0.03,59,-0.01,41,0.35,66,-0.13,34,0.38,76,-0.03,39,0.02,56,-0.02,40,27.38,,30.1,13.0,-0.80732791,23.3,29.2,30.3,0.167026557,35.9,18.05052453,0.41179063,21.65789243,22.67199722,31.2,-0.035982916000000004,34.0,14.75238095,-0.8401457090000001
93,Williamson,184130,205213,226257,38.6,38.9,39.0,47187,Yes,127.2,119.8,134.9,239,falling,-3.8,-4.8,-2.9,2,55733,66407,74686,30.26828871,32.36003567,33.00936546,0.8839505520000001,47187,Tennessee,-2.85,1,-1.72,1,-1.73,1,-1.12,1,-0.59,1,-0.23,5,-2.73,1,-2.03,1,-1.72,1,-1.01,1,-0.6,1,-0.49,1,-3.28,1,-2.07,1,-1.73,1,-1.55,1,-0.66,1,-0.5,1,7.67,14.94,25.1,14.2,0.035486941,6.9,10.9,25.9,-2.455738418,23.8,9.222258222999999,1.5659553609999999,11.91546522,14.7006551,25.9,-2.5626093880000003,20.2,7.555622003,0.8342705640000001
94,Wilson,114677,125146,136442,39.3,40.1,39.9,47189,No,170.5,160.4,181.0,229,falling,-2.0,-2.8,-1.2,0,37642,44365,48803,32.82436757,35.45059371,35.76831181,0.0,47189,Tennessee,-0.99,6,-0.44,13,-0.82,5,-0.18,29,-0.01,40,-0.01,45,-1.05,5,-0.63,8,-0.79,4,-0.26,17,0.02,56,-0.11,15,-1.68,2,-0.93,2,-0.94,3,-0.74,3,-0.27,4,-0.13,13,15.73,30.55,29.3,13.5,-0.385920484,16.9,29.0,33.5,-1.571010225,31.7,13.79543735,1.019245751,15.07351769,18.25863073,31.7,-1.373608695,27.6,11.27463913,1.392409321
